{
    "replace": false,
    "values": [
        // #c:tools is added as default
        {"id": "#cobblemon:consumables", "required": false},
        {"id": "#amendments:sets_on_fire", "required": false},
        {"id": "#chipped:lantern", "required": false},
        {"id": "#chipped:soul_lantern", "required": false},
        {"id": "#chipped:special_lantern", "required": false},
        {"id": "#chipped:special_soul_lantern", "required": false},
        {"id": "#chipped:redstone_torch", "required": false}
    ]
}