{
    "replace": false,
    "values": [
        {"id": "#cobblenav:pokenav", "required": false},
        {"id": "#cobblenav:pokefinder", "required": false},
        {"id": "#cobblemon_smartphone:smartphones", "required": false},
        {"id": "cobbled_counter:counter", "required": false},
        {"id": "#waystones:scrolls", "required": false},
        {"id": "fwaystones:waystone_scroll", "required": false},
        {"id": "fwaystones:abyss_watcher", "required": false},
        {"id": "fwaystones:local_void", "required": false},
        {"id": "fwaystones:pocket_wormhole", "required": false},
        {"id": "fwaystones:scroll_of_infinite_knowledge", "required": false},
        {"id": "fightorflight:pokestaff", "required": false},
        {"id": "mega_showdown:megabracelet", "required": false},
        {"id": "#chipped:tools", "required": false}
    ]
}